"Symbol","Name","LastSale","MarketCap","IPOyear","Sector","Industry","Summary Quote","Exchange"
"XXII","22nd Century Group, Inc","0.8643","$55.6M","nan","Consumer Non-Durables","Farming/Seeds/Milling","http://www.nasdaq.com/symbol/xxii","AMEX"
"FAX","Aberdeen Asia-Pacific Income Fund Inc","5.46","$1.46B","1986","nan","nan","http://www.nasdaq.com/symbol/fax","AMEX"
"IAF","Aberdeen Australia Equity Fund Inc","7.12","$163.32M","nan","nan","nan","http://www.nasdaq.com/symbol/iaf","AMEX"
"CH","Aberdeen Chile Fund, Inc.","7.6","$71.34M","nan","nan","nan","http://www.nasdaq.com/symbol/ch","AMEX"
"ETF","Aberdeen Emerging Markets Smaller Company Opportunities Fund I","12.84","$125.38M","1992","nan","nan","http://www.nasdaq.com/symbol/etf","AMEX"
"FCO","Aberdeen Global Income Fund, Inc.","9.36","$86.07M","1992","nan","nan","http://www.nasdaq.com/symbol/fco","AMEX"
"IF","Aberdeen Indonesia Fund, Inc.","7.76","$73.61M","1990","nan","nan","http://www.nasdaq.com/symbol/if","AMEX"
"ISL","Aberdeen Israel Fund, Inc.","17.83","$72.56M","1992","nan","nan","http://www.nasdaq.com/symbol/isl","AMEX"
"ACU","Acme United Corporation.","18.37","$60.96M","1988","Capital Goods","Industrial Machinery/Components","http://www.nasdaq.com/symbol/acu","AMEX"
"AIII","ACRE Realty Investors, Inc.","1.62","$32.48M","nan","Consumer Services","Real Estate Investment Trusts","http://www.nasdaq.com/symbol/aiii","AMEX"
"ATNM","Actinium Pharmaceuticals, Inc.","2.56","$90.83M","nan","Health Care","Major Pharmaceuticals","http://www.nasdaq.com/symbol/atnm","AMEX"
"AE","Adams Resources & Energy, Inc.","70","$295.23M","nan","Energy","Oil Refining/Marketing","http://www.nasdaq.com/symbol/ae","AMEX"
"ADK","Adcare Health Systems Inc","4.11","$79.52M","nan","Health Care","Hospital/Nursing Management","http://www.nasdaq.com/symbol/adk","AMEX"
"ADK^A","Adcare Health Systems Inc","28.96","nan","nan","nan","nan","http://www.nasdaq.com/symbol/adk^a","AMEX"
"API","Advanced Photonix, Inc.","0.4","$14.95M","nan","Technology","Semiconductors","http://www.nasdaq.com/symbol/api","AMEX"
"ACY","AeroCentury Corp.","13.161","$20.31M","nan","Technology","Diversified Commercial Services","http://www.nasdaq.com/symbol/acy","AMEX"
"WGA","AG&E Holdings, Inc.","0.87","$10.16M","nan","Technology","Radio And Television Broadcasting And Communications Equipment","http://www.nasdaq.com/symbol/wga","AMEX"
"AIRI","Air Industries Group","10.05","$71.36M","nan","Capital Goods","Military/Government/Technical","http://www.nasdaq.com/symbol/airi","AMEX"
"AA^","Alcoa Inc.","85.219","nan","nan","Capital Goods","Metal Fabrications","http://www.nasdaq.com/symbol/aa^","AMEX"
"AXX","Alderon Iron Ore Corp.","0.27","$35.68M","nan","Basic Industries","Precious Metals","http://www.nasdaq.com/symbol/axx","AMEX"
"AXU","Alexco Resource Corp","0.3499","$24.35M","nan","Basic Industries","Precious Metals","http://www.nasdaq.com/symbol/axu","AMEX"
"AAU","Almaden Minerals, Ltd.","0.87","$63.64M","nan","Basic Industries","Precious Metals","http://www.nasdaq.com/symbol/aau","AMEX"
"APT","Alpha Pro Tech, Ltd.","2.24","$41.1M","nan","Health Care","Industrial Specialties","http://www.nasdaq.com/symbol/apt","AMEX"
"ALTV","Alteva (D/B/A)","7.29","$43.67M","nan","Public Utilities","Telecommunications Equipment","http://www.nasdaq.com/symbol/altv","AMEX"
"AAMC","Altisource Asset Management Corp","212","$467.79M","nan","Finance","Real Estate","http://www.nasdaq.com/symbol/aamc","AMEX"
"DIT","AMCON Distributing Company","82","$50.5M","nan","Consumer Non-Durables","Food Distributors","http://www.nasdaq.com/symbol/dit","AMEX"
"APP","American Apparel Inc","0.7","$123.38M","nan","Finance","Business Services","http://www.nasdaq.com/symbol/app","AMEX"
"ADGE","American DG Energy Inc.","0.52","$27.28M","nan","Energy","Electric Utilities: Central","http://www.nasdaq.com/symbol/adge","AMEX"
"AMZG","American Eagle Energy Corporation.","0.172","$5.24M","nan","Basic Industries","Precious Metals","http://www.nasdaq.com/symbol/amzg","AMEX"
"ALN","American Lorain Corporation","1.26","$44M","nan","Consumer Non-Durables","Packaged Foods","http://www.nasdaq.com/symbol/aln","AMEX"
"AMS","American Shared Hospital Services","2.52","$13.51M","nan","Health Care","Medical Specialities","http://www.nasdaq.com/symbol/ams","AMEX"
"AMPE","Ampio Pharmaceuticals, Inc.","7.85","$407.98M","nan","Health Care","Major Pharmaceuticals","http://www.nasdaq.com/symbol/ampe","AMEX"
"AXN","Aoxing Pharmaceutical Company, Inc.","1.85","$125.74M","nan","Health Care","Major Pharmaceuticals","http://www.nasdaq.com/symbol/axn","AMEX"
"AMCO","Armco Metals Holdings, Inc.","1.16","$7.05M","nan","Consumer Durables","Steel/Iron Ore","http://www.nasdaq.com/symbol/amco","AMEX"
"HRT","Arrhythmia Research Technology Inc.","7.27","$20.21M","nan","Health Care","Biotechnology: Electromedical & Electrotherapeutic Apparatus","http://www.nasdaq.com/symbol/hrt","AMEX"
"AKG","Asanko Gold Inc.","1.53","$301.17M","nan","Basic Industries","Mining & Quarrying of Nonmetallic Minerals (No Fuels)","http://www.nasdaq.com/symbol/akg","AMEX"
"AINC","Ashford Inc.","112","$222.53M","2014","Consumer Services","Professional Services","http://www.nasdaq.com/symbol/ainc","AMEX"
"ASB/WS","Associated Banc-Corp","2.51","nan","nan","nan","nan","http://www.nasdaq.com/symbol/asb/ws","AMEX"
"AST","Asterias Biotherapeutics, Inc.","6.39","$206.48M","nan","Health Care","Biotechnology: Biological Products (No Diagnostic Substances)","http://www.nasdaq.com/symbol/ast","AMEX"
"ATL","Atlatsa Resources Corporation","0.1513","$83.86M","nan","Basic Industries","Precious Metals","http://www.nasdaq.com/symbol/atl","AMEX"
"AWX","Avalon Holdings Corporation","2.752","$10.47M","nan","Public Utilities","Environmental Services","http://www.nasdaq.com/symbol/awx","AMEX"
"AVL","Avalon Rare Metals, Inc.","0.2466","$34.82M","nan","Basic Industries","Precious Metals","http://www.nasdaq.com/symbol/avl","AMEX"
"ASM","Avino Silver","1.42","$50.47M","nan","Basic Industries","Precious Metals","http://www.nasdaq.com/symbol/asm","AMEX"
"BTG","B2Gold Corp","1.52","$1.4B","nan","Basic Industries","Precious Metals","http://www.nasdaq.com/symbol/btg","AMEX"
"BONE","Bacterin International Holdings, Inc.","4.09","$27.33M","nan","Health Care","Biotechnology: Biological Products (No Diagnostic Substances)","http://www.nasdaq.com/symbol/bone","AMEX"
"BTN","Ballantyne Strong, Inc","4.73","$66.66M","nan","Miscellaneous","Industrial Machinery/Components","http://www.nasdaq.com/symbol/btn","AMEX"
"BKJ","Bancorp of New Jersey, Inc","11.389","$61.15M","nan","Finance","Major Banks","http://www.nasdaq.com/symbol/bkj","AMEX"
"BCV","Bancroft Fund Limited","20.81","$109.09M","nan","nan","nan","http://www.nasdaq.com/symbol/bcv","AMEX"
"BAA","BANRO CORPORATION","0.2","$50.42M","nan","Basic Industries","Precious Metals","http://www.nasdaq.com/symbol/baa","AMEX"
"BHB","Bar Harbor Bankshares, Inc.","33.48","$199.49M","nan","Finance","Major Banks","http://www.nasdaq.com/symbol/bhb","AMEX"
"BRN","Barnwell Industries, Inc.","2.36","$19.53M","nan","Energy","Oil & Gas Production","http://www.nasdaq.com/symbol/brn","AMEX"
"BIR^A","Berkshire Income Realty, Inc.","27.609","nan","nan","nan","nan","http://www.nasdaq.com/symbol/bir^a","AMEX"
"BGSF","BG Staffing Inc","13","$85.78M","nan","Technology","Professional Services","http://www.nasdaq.com/symbol/bgsf","AMEX"
"BTX","BioTime, Inc.","4.96","$412.45M","nan","Health Care","Biotechnology: Biological Products (No Diagnostic Substances)","http://www.nasdaq.com/symbol/btx","AMEX"
"BTX/WS","BioTime, Inc.","1.85","nan","nan","nan","nan","http://www.nasdaq.com/symbol/btx/ws","AMEX"
"BGI","Birks Group Inc.","1.12","$20.08M","nan","nan","nan","http://www.nasdaq.com/symbol/bgi","AMEX"
"BZM","BlackRock Maryland Municipal Bond Trust","15.1","$31.32M","2002","nan","nan","http://www.nasdaq.com/symbol/bzm","AMEX"
"MHE","BlackRock Massachusetts Tax-Exempt Trust","14.19","$33.53M","1993","nan","nan","http://www.nasdaq.com/symbol/mhe","AMEX"
"BLE","BlackRock Municipal Income Trust II","15.03","$352.5M","2002","nan","nan","http://www.nasdaq.com/symbol/ble","AMEX"
"BLJ","Blackrock New Jersey Municipal Bond Trust","16.01","$37.22M","2002","nan","nan","http://www.nasdaq.com/symbol/blj","AMEX"
"BFY","BlackRock New York Municipal Income Trust II","14.57","$72.83M","2002","nan","nan","http://www.nasdaq.com/symbol/bfy","AMEX"
"BPS","BlackRock Pennsylvania Strategic Municipal Trust (The)","13.11","$26.64M","1999","nan","nan","http://www.nasdaq.com/symbol/bps","AMEX"
"BHV","BlackRock Virginia Municipal Bond Trust","18.12","$28.83M","2002","nan","nan","http://www.nasdaq.com/symbol/bhv","AMEX"
"BDR","Blonder Tongue Laboratories, Inc.","0.936","$5.86M","nan","Technology","Radio And Television Broadcasting And Communications Equipment","http://www.nasdaq.com/symbol/bdr","AMEX"
"BRG","Bluerock Residential Growth REIT, Inc.","13.45","$177.43M","2014","Consumer Services","Real Estate Investment Trusts","http://www.nasdaq.com/symbol/brg","AMEX"
"BVX","Bovie Medical Corporation","2.56","$59.11M","nan","Health Care","Medical/Dental Instruments","http://www.nasdaq.com/symbol/bvx","AMEX"
"BWL/A","Bowl America, Inc.","14.73","nan","nan","Consumer Services","Services-Misc. Amusement & Recreation","http://www.nasdaq.com/symbol/bwl/a","AMEX"
"BZC","Breeze-Eastern Corporation","10.13","$99.43M","nan","Capital Goods","Military/Government/Technical","http://www.nasdaq.com/symbol/bzc","AMEX"
"BTI","British American Tobacco p.l.c.","106.34","$99.12B","nan","Consumer Non-Durables","Farming/Seeds/Milling","http://www.nasdaq.com/symbol/bti","AMEX"
"CAK","CAMAC Energy Inc.","0.65","$821.14M","nan","Energy","Oil & Gas Production","http://www.nasdaq.com/symbol/cak","AMEX"
"CANF","Can-Fite Biopharma Ltd","2.32","$24.73M","nan","Health Care","Major Pharmaceuticals","http://www.nasdaq.com/symbol/canf","AMEX"
"ROX","Castle Brands, Inc.","1.44","$225.99M","2006","Consumer Non-Durables","Beverages (Production/Distribution)","http://www.nasdaq.com/symbol/rox","AMEX"
"CAW","CCA Industries, Inc.","3.19","$22.35M","nan","Consumer Non-Durables","Package Goods/Cosmetics","http://www.nasdaq.com/symbol/caw","AMEX"
"CVM","Cel-Sci Corporation","1.05","$96.12M","nan","Health Care","Biotechnology: Biological Products (No Diagnostic Substances)","http://www.nasdaq.com/symbol/cvm","AMEX"
"CVM/WS","Cel-Sci Corporation","0.33","nan","nan","nan","nan","http://www.nasdaq.com/symbol/cvm/ws","AMEX"
"CEF","Central Fund of Canada Limited","12.05","$3.07B","nan","nan","nan","http://www.nasdaq.com/symbol/cef","AMEX"
"GTU","Central Gold Trust","40.79","$787.21M","nan","nan","nan","http://www.nasdaq.com/symbol/gtu","AMEX"
"CET","Central Securities Corporation","21.74","$539.57M","nan","nan","nan","http://www.nasdaq.com/symbol/cet","AMEX"
"LEU","Centrus Energy Corp.","4.79","$43.11M","2014","Basic Industries","Mining & Quarrying of Nonmetallic Minerals (No Fuels)","http://www.nasdaq.com/symbol/leu","AMEX"
"CCF","Chase Corporation","43.36","$395.85M","nan","Consumer Durables","Building Products","http://www.nasdaq.com/symbol/ccf","AMEX"
"CQH","Cheniere Energy Partners LP Holdings, LLC","24.26","$5.62B","2013","Public Utilities","Oil/Gas Transmission","http://www.nasdaq.com/symbol/cqh","AMEX"
"CQP","Cheniere Energy Partners, LP","30.69","$10.37B","2007","Public Utilities","Oil/Gas Transmission","http://www.nasdaq.com/symbol/cqp","AMEX"
"LNG","Cheniere Energy, Inc.","79.78","$18.88B","nan","Public Utilities","Oil/Gas Transmission","http://www.nasdaq.com/symbol/lng","AMEX"
"CVR","Chicago Rivet & Machine Co.","32.415","$31.32M","nan","Technology","Industrial Machinery/Components","http://www.nasdaq.com/symbol/cvr","AMEX"
"CNR","China Metro-Rural Holdings Limited","0.89","$65.45M","nan","Finance","Real Estate","http://www.nasdaq.com/symbol/cnr","AMEX"
"CPHI","China Pharma Holdings, Inc.","0.3595","$15.67M","nan","Health Care","Major Pharmaceuticals","http://www.nasdaq.com/symbol/cphi","AMEX"
"CKX","CKX Lands, Inc.","14.55","$28.26M","nan","Energy","Oil & Gas Production","http://www.nasdaq.com/symbol/ckx","AMEX"
"GLV","Clough Global Allocation Fund","15.22","$158.81M","2004","nan","nan","http://www.nasdaq.com/symbol/glv","AMEX"
"GLQ","Clough Global Equity Fund","15.09","$269.22M","2005","nan","nan","http://www.nasdaq.com/symbol/glq","AMEX"
"GLO","Clough Global Opportunities Fund","12.57","$650.33M","2006","nan","nan","http://www.nasdaq.com/symbol/glo","AMEX"
"CRV","Coast Distribution System, Inc. (The)","3.47","$18.45M","nan","Capital Goods","Automotive Aftermarket","http://www.nasdaq.com/symbol/crv","AMEX"
"MOC","Command Security Corporation","1.94","$18.88M","nan","Consumer Services","Diversified Commercial Services","http://www.nasdaq.com/symbol/moc","AMEX"
"CIX","CompX International Inc.","11.44","$141.9M","1998","Capital Goods","Industrial Machinery/Components","http://www.nasdaq.com/symbol/cix","AMEX"
"LODE","Comstock Mining, Inc.","0.615","$55.19M","nan","Basic Industries","Precious Metals","http://www.nasdaq.com/symbol/lode","AMEX"
"CTO","Consolidated-Tomoka Land Co.","59.42","$350.91M","nan","Finance","Real Estate","http://www.nasdaq.com/symbol/cto","AMEX"
"MCF","Contango Oil & Gas Company","22.75","$435.8M","nan","Energy","Oil & Gas Production","http://www.nasdaq.com/symbol/mcf","AMEX"
"CUO","Continental Materials Corporation","17.937","$29.6M","nan","Capital Goods","Building Materials","http://www.nasdaq.com/symbol/cuo","AMEX"
"CMT","Core Molding Technologies Inc","17.7","$133.85M","nan","Consumer Non-Durables","Plastic Products","http://www.nasdaq.com/symbol/cmt","AMEX"
"CRMD","CorMedix Inc","9.08","$219.03M","nan","Health Care","Major Pharmaceuticals","http://www.nasdaq.com/symbol/crmd","AMEX"
"CRMD/WS","CorMedix Inc","5.59","nan","nan","nan","nan","http://www.nasdaq.com/symbol/crmd/ws","AMEX"
"CFP","Cornerstone Progressive Return Fund","15.9","$263.39M","nan","nan","nan","http://www.nasdaq.com/symbol/cfp","AMEX"
"CRF","Cornerstone Strategic Return Fund, Inc. (The)","22.39","$100.24M","nan","nan","nan","http://www.nasdaq.com/symbol/crf","AMEX"
"CLM","Cornerstone Strategic Value Fund, Inc.","21.43","$175.61M","1987","nan","nan","http://www.nasdaq.com/symbol/clm","AMEX"
"COVR","Cover-All Technologies Inc.","1","$26.64M","nan","Technology","Computer Software: Prepackaged Software","http://www.nasdaq.com/symbol/covr","AMEX"
"CVU","CPI Aerostructures, Inc.","12","$102.01M","nan","Capital Goods","Military/Government/Technical","http://www.nasdaq.com/symbol/cvu","AMEX"
"CIK","Credit Suisse Asset Management Income Fund, Inc.","3.25","$169.84M","nan","nan","nan","http://www.nasdaq.com/symbol/cik","AMEX"
"DHY","Credit Suisse High Yield Bond Fund","2.775","$276.17M","1998","nan","nan","http://www.nasdaq.com/symbol/dhy","AMEX"
"CRVP","Crystal Rock Holdings, Inc.","0.73","$15.59M","nan","Consumer Non-Durables","Food Distributors","http://www.nasdaq.com/symbol/crvp","AMEX"
"CTP","CTPartners Executive Search Inc.","4","$29.04M","2010","Technology","Diversified Commercial Services","http://www.nasdaq.com/symbol/ctp","AMEX"
"CVSL","CVSL Inc.","2.29","$78.7M","2014","Consumer Services","Other Consumer Services","http://www.nasdaq.com/symbol/cvsl","AMEX"
"DAKP","Dakota Plains Holdings, Inc.","1.95","$107.11M","nan","Energy","Oil Refining/Marketing","http://www.nasdaq.com/symbol/dakp","AMEX"
"DXR","Daxor Corporation","5.794","$23.12M","nan","Health Care","Medical/Dental Instruments","http://www.nasdaq.com/symbol/dxr","AMEX"
"DEJ","Dejour Energy Inc.","0.128","$23.35M","nan","Energy","Oil & Gas Production","http://www.nasdaq.com/symbol/dej","AMEX"
"VCF","Delaware Investments Colorado Municipal Income Fund, Inc","14.34","$69.36M","1993","nan","nan","http://www.nasdaq.com/symbol/vcf","AMEX"
"VFL","Delaware Investments Florida Insured Municipal Income Fund","13.12","$59.41M","1993","nan","nan","http://www.nasdaq.com/symbol/vfl","AMEX"
"VMM","Delaware Investments Minnesota Municipal Income Fund II, Inc.","13.83","$159.11M","1993","nan","nan","http://www.nasdaq.com/symbol/vmm","AMEX"
"DLA","Delta Apparel, Inc.","12.87","$101.56M","nan","Consumer Non-Durables","Apparel","http://www.nasdaq.com/symbol/dla","AMEX"
"DNN","Denison Mine Corp","0.81","$410.22M","nan","Basic Industries","Precious Metals","http://www.nasdaq.com/symbol/dnn","AMEX"
"DGSE","DGSE Companies, Inc.","1.45","$17.77M","nan","Consumer Services","Consumer Specialties","http://www.nasdaq.com/symbol/dgse","AMEX"
"DPW","Digital Power Corporation","0.88","$5.96M","nan","Capital Goods","Industrial Machinery/Components","http://www.nasdaq.com/symbol/dpw","AMEX"
"DSS","Document Security Systems, Inc.","0.41","$17.31M","nan","Technology","EDP Services","http://www.nasdaq.com/symbol/dss","AMEX"
"DMF","Dreyfus Municipal Income, Inc.","9.65","$199.9M","1988","nan","nan","http://www.nasdaq.com/symbol/dmf","AMEX"
"GRF","Eagle Capital Growth Fund, Inc.","7.91","$24.72M","nan","nan","nan","http://www.nasdaq.com/symbol/grf","AMEX"
"ESTE","Earthstone Energy, Inc.","24","$332.04M","nan","Energy","Oil & Gas Production","http://www.nasdaq.com/symbol/este","AMEX"
"EVM","Eaton Vance California Municipal Bond Fund","12.09","$258.71M","2002","nan","nan","http://www.nasdaq.com/symbol/evm","AMEX"
"EIA","Eaton Vance California Municipal Bond Fund II","12.94","$50.27M","2002","nan","nan","http://www.nasdaq.com/symbol/eia","AMEX"
"CEV","Eaton Vance California Municipal Income Trust","13.4","$97.21M","1999","nan","nan","http://www.nasdaq.com/symbol/cev","AMEX"
"EVV","Eaton Vance Limited Duration Income Fund","14.34","$1.69B","2003","nan","nan","http://www.nasdaq.com/symbol/evv","AMEX"
"MAB","Eaton Vance Massachusetts Municipal Bond Fund","14.56","$25.75M","2002","nan","nan","http://www.nasdaq.com/symbol/mab","AMEX"
"MMV","Eaton Vance Massachusetts Municipal Income Trust","13.612","$37.33M","1999","nan","nan","http://www.nasdaq.com/symbol/mmv","AMEX"
"MIW","Eaton Vance Michigan Municipal Bond Fund","13.5501","$20.52M","2002","nan","nan","http://www.nasdaq.com/symbol/miw","AMEX"
"EMI","Eaton Vance Michigan Municipal Income Trust","12.91","$26.9M","1999","nan","nan","http://www.nasdaq.com/symbol/emi","AMEX"
"EIM","Eaton Vance Municipal Bond Fund","12.72","$867.1M","2002","nan","nan","http://www.nasdaq.com/symbol/eim","AMEX"
"EIV","Eaton Vance Municipal Bond Fund II","12.8","$128.17M","2002","nan","nan","http://www.nasdaq.com/symbol/eiv","AMEX"
"EMJ","Eaton Vance New Jersey Municipal Bond Fund","13.07","$34.1M","2002","nan","nan","http://www.nasdaq.com/symbol/emj","AMEX"
"EVJ","Eaton Vance New Jersey Municipal Income Trust","12.43","$58M","1999","nan","nan","http://www.nasdaq.com/symbol/evj","AMEX"
"ENX","Eaton Vance New York Municipal Bond Fund","12.7","$199.16M","2002","nan","nan","http://www.nasdaq.com/symbol/enx","AMEX"
"NYH","Eaton Vance New York Municipal Bond Fund II","12.36","$31.73M","2002","nan","nan","http://www.nasdaq.com/symbol/nyh","AMEX"
"EVY","Eaton Vance New York Municipal Income Trust","13.73","$75.18M","1999","nan","nan","http://www.nasdaq.com/symbol/evy","AMEX"
"EIO","Eaton Vance Ohio Municipal Bond Fund","13.15","$33.36M","2002","nan","nan","http://www.nasdaq.com/symbol/eio","AMEX"
"EVO","Eaton Vance Ohio Municipal Income Trust","13.8456","$39.56M","1999","nan","nan","http://www.nasdaq.com/symbol/evo","AMEX"
"EIP","Eaton Vance Pennsylvania Municipal Bond Fund","13.11","$38.81M","2002","nan","nan","http://www.nasdaq.com/symbol/eip","AMEX"
"EVP","Eaton Vance Pennsylvania Municipal Income Trust","12.268","$33.1M","1999","nan","nan","http://www.nasdaq.com/symbol/evp","AMEX"
"ELMD","Electromed, Inc.","2.4","$19.52M","2011","Health Care","Biotechnology: Electromedical & Electrotherapeutic Apparatus","http://www.nasdaq.com/symbol/elmd","AMEX"
"ETAK","Elephant Talk Communications Corp.","0.3997","$60.65M","nan","Public Utilities","Telecommunications Equipment","http://www.nasdaq.com/symbol/etak","AMEX"
"ELLO","Ellomay Capital Ltd.","8.154","$87.25M","nan","Public Utilities","Electric Utilities: Central","http://www.nasdaq.com/symbol/ello","AMEX"
"ECF","Ellsworth Growth and Income Fund Ltd.","8.78","$115.38M","1986","nan","nan","http://www.nasdaq.com/symbol/ecf","AMEX"
"EMAN","eMagin Corporation","2.35","$59.21M","nan","Technology","Semiconductors","http://www.nasdaq.com/symbol/eman","AMEX"
"EOX","Emerald Oil, Inc.","0.7169","$77.36M","nan","Energy","Oil & Gas Production","http://www.nasdaq.com/symbol/eox","AMEX"
"MSN","Emerson Radio Corporation","1.45","$39.34M","nan","Consumer Non-Durables","Consumer Electronics/Appliances","http://www.nasdaq.com/symbol/msn","AMEX"
"UUUU","Energy Fuels Inc","4.07","$80.11M","nan","Basic Industries","Mining & Quarrying of Nonmetallic Minerals (No Fuels)","http://www.nasdaq.com/symbol/uuuu","AMEX"
"ENRJ","EnerJex Resources, Inc.","1.5","$11.46M","nan","Energy","Oil & Gas Production","http://www.nasdaq.com/symbol/enrj","AMEX"
"ENRJ^","EnerJex Resources, Inc.","8.48","nan","nan","nan","nan","http://www.nasdaq.com/symbol/enrj^","AMEX"
"ENSV","ENSERVCO Corporation","1.78","$66.96M","nan","Energy","Oilfield Services/Equipment","http://www.nasdaq.com/symbol/ensv","AMEX"
"EGI","Entree Gold Inc","0.215","$31.6M","nan","Basic Industries","Precious Metals","http://www.nasdaq.com/symbol/egi","AMEX"
"EVI","EnviroStarm, Inc.","2.9745","$20.92M","nan","Consumer Services","Other Consumer Services","http://www.nasdaq.com/symbol/evi","AMEX"
"ERB","ERBA Diagnostics, Inc.","3.52","$154.91M","nan","Health Care","Major Pharmaceuticals","http://www.nasdaq.com/symbol/erb","AMEX"
"ESP","Espey Mfg. & Electronics Corp.","28.82","$67.96M","nan","Capital Goods","Industrial Machinery/Components","http://www.nasdaq.com/symbol/esp","AMEX"
"EMXX","Eurasian Minerals Inc.","0.71","$52.13M","nan","Basic Industries","Precious Metals","http://www.nasdaq.com/symbol/emxx","AMEX"
"EVBN","Evans Bancorp, Inc.","24.26","$102.2M","nan","Finance","Major Banks","http://www.nasdaq.com/symbol/evbn","AMEX"
"EPM","Evolution Petroleum Corporation, Inc.","5.96","$195.85M","nan","Energy","Oil & Gas Production","http://www.nasdaq.com/symbol/epm","AMEX"
"EPM^A","Evolution Petroleum Corporation, Inc.","25.4145","nan","nan","nan","nan","http://www.nasdaq.com/symbol/epm^a","AMEX"
"XRA","Exeter Resource Corporation","0.6362","$56.25M","nan","Basic Industries","Mining & Quarrying of Nonmetallic Minerals (No Fuels)","http://www.nasdaq.com/symbol/xra","AMEX"
"FPI","Farmland Partners Inc.","11.88","$91.85M","2014","Consumer Services","Real Estate Investment Trusts","http://www.nasdaq.com/symbol/fpi","AMEX"
"FPP","FieldPoint Petroleum Corporation","1.02","$8.3M","nan","Energy","Oil & Gas Production","http://www.nasdaq.com/symbol/fpp","AMEX"
"FPP/WS","FieldPoint Petroleum Corporation","0.0975","nan","nan","nan","nan","http://www.nasdaq.com/symbol/fpp/ws","AMEX"
"FEN","First Trust Energy Income and Growth Fund","34.01","$658.27M","2004","nan","nan","http://www.nasdaq.com/symbol/fen","AMEX"
"FWV","First West Virginia Bancorp, Inc.","22.75","$39.1M","nan","Finance","Major Banks","http://www.nasdaq.com/symbol/fwv","AMEX"
"BDL","Flanigan&#39;s Enterprises, Inc.","31.47","$58.49M","nan","Consumer Services","Restaurants","http://www.nasdaq.com/symbol/bdl","AMEX"
"FSI","Flexible Solutions International Inc.","1.24","$16.33M","nan","Basic Industries","Major Chemicals","http://www.nasdaq.com/symbol/fsi","AMEX"
"FTF","Franklin Limited Duration Income Trust","12.248","$328.68M","2003","nan","nan","http://www.nasdaq.com/symbol/ftf","AMEX"
"FSP","Franklin Street Properties Corp.","12.92","$1.29B","nan","Consumer Services","Real Estate Investment Trusts","http://www.nasdaq.com/symbol/fsp","AMEX"
"FRD","Friedman Industries Inc.","6.34","$43.11M","nan","Capital Goods","Steel/Iron Ore","http://www.nasdaq.com/symbol/frd","AMEX"
"FRS","Frisch&#39;s Restaurants, Inc.","27.11","$139.12M","nan","Consumer Services","Restaurants","http://www.nasdaq.com/symbol/frs","AMEX"
"GGN","GAMCO Global Gold, Natural Reources & Income Trust ","7.09","$799.24M","2005","nan","nan","http://www.nasdaq.com/symbol/ggn","AMEX"
"GGN^B","GAMCO Global Gold, Natural Reources & Income Trust ","22.35","nan","nan","nan","nan","http://www.nasdaq.com/symbol/ggn^b","AMEX"
"EGAS","Gas Natural Inc.","9.96","$104.1M","nan","Public Utilities","Oil/Gas Transmission","http://www.nasdaq.com/symbol/egas","AMEX"
"GST","Gastar Exploration Inc.","2.69","$215.73M","nan","Energy","Oil & Gas Production","http://www.nasdaq.com/symbol/gst","AMEX"
"GST^A","Gastar Exploration Inc.","21.78","nan","nan","nan","nan","http://www.nasdaq.com/symbol/gst^a","AMEX"
"GST^B","Gastar Exploration Inc.","24.6","nan","nan","nan","nan","http://www.nasdaq.com/symbol/gst^b","AMEX"
"JOB","General Employment Enterprises, Inc.","0.832","$24.12M","nan","Technology","Diversified Commercial Services","http://www.nasdaq.com/symbol/job","AMEX"
"GMO","General Moly, Inc","0.51","$46.38M","nan","Basic Industries","Precious Metals","http://www.nasdaq.com/symbol/gmo","AMEX"
"GIG","GigOptix, Inc.","1.32","$43.05M","nan","Technology","Semiconductors","http://www.nasdaq.com/symbol/gig","AMEX"
"GSB","GlobalSCAPE, Inc.","3.3","$68.44M","nan","Technology","Computer Software: Prepackaged Software","http://www.nasdaq.com/symbol/gsb","AMEX"
"GSAT","Globalstar, Inc.","3.3","$3.31B","2006","Consumer Services","Telecommunications Equipment","http://www.nasdaq.com/symbol/gsat","AMEX"
"GLOW","Glowpoint, Inc.","0.92","$32.91M","nan","Public Utilities","Telecommunications Equipment","http://www.nasdaq.com/symbol/glow","AMEX"
"GORO","Gold Resource Corporation","3.46","$187.46M","nan","Basic Industries","Precious Metals","http://www.nasdaq.com/symbol/goro","AMEX"
"GSV","Gold Standard Ventures Corporation","0.46","$65.68M","nan","Basic Industries","Mining & Quarrying of Nonmetallic Minerals (No Fuels)","http://www.nasdaq.com/symbol/gsv","AMEX"
"AUMN","Golden Minerals Company","0.42","$22.33M","nan","Basic Industries","Precious Metals","http://www.nasdaq.com/symbol/aumn","AMEX"
"GSS","Golden Star Resources, Ltd","0.251","$65.13M","nan","Basic Industries","Precious Metals","http://www.nasdaq.com/symbol/gss","AMEX"
"GV","Goldfield Corporation (The)","1.99","$50.65M","nan","Basic Industries","Water Supply","http://www.nasdaq.com/symbol/gv","AMEX"
"GRC","Gorman-Rupp Company (The)","30.2","$793.07M","nan","Capital Goods","Fluid Controls","http://www.nasdaq.com/symbol/grc","AMEX"
"GTE","Gran Tierra Energy Inc.","2.73","$753.68M","nan","Energy","Oil & Gas Production","http://www.nasdaq.com/symbol/gte","AMEX"
"GPL","Great Panther Silver Limited","0.6","$83.74M","nan","Basic Industries","Precious Metals","http://www.nasdaq.com/symbol/gpl","AMEX"
"GRH","GreenHunter Resources, Inc.","0.77","$27.32M","nan","Basic Industries","Major Chemicals","http://www.nasdaq.com/symbol/grh","AMEX"
"GRH^C","GreenHunter Resources, Inc.","19.15","nan","nan","nan","nan","http://www.nasdaq.com/symbol/grh^c","AMEX"
"SIM","Grupo Simec, S.A. de C.V.","8.25","$1.37B","1993","Basic Industries","Steel/Iron Ore","http://www.nasdaq.com/symbol/sim","AMEX"
"GVP","GSE Systems, Inc.","1.49","$26.65M","nan","Technology","Computer Software: Prepackaged Software","http://www.nasdaq.com/symbol/gvp","AMEX"
"HCHC","HC2 Holdings, Inc.","11.01","$262.21M","nan","Public Utilities","Telecommunications Equipment","http://www.nasdaq.com/symbol/hchc","AMEX"
"HEB","Hemispherx BioPharma, Inc.","0.2249","$48.37M","nan","Health Care","Biotechnology: Biological Products (No Diagnostic Substances)","http://www.nasdaq.com/symbol/heb","AMEX"
"HLM^","Hillman Group Capital Trust","29.3","nan","nan","nan","nan","http://www.nasdaq.com/symbol/hlm^","AMEX"
"HMG","HMG/Courtland Properties, Inc.","12.22","$12.74M","nan","Consumer Services","Real Estate Investment Trusts","http://www.nasdaq.com/symbol/hmg","AMEX"
"HH","Hooper Holmes, Inc.","0.465","$32.95M","nan","Health Care","Hospital/Nursing Management","http://www.nasdaq.com/symbol/hh","AMEX"
"HUSA","Houston American Energy Corporation","0.204","$10.64M","nan","Energy","Oil & Gas Production","http://www.nasdaq.com/symbol/husa","AMEX"
"IBIO","iBio, Inc.","0.76","$56.23M","nan","Health Care","Major Pharmaceuticals","http://www.nasdaq.com/symbol/ibio","AMEX"
"IBO","IBO (Listing Market - NYSE Amex Network B F)","153.82","nan","nan","nan","nan","http://www.nasdaq.com/symbol/ibo","AMEX"
"IEC","IEC Electronics Corp.","3.6","$36.51M","nan","Technology","Electrical Products","http://www.nasdaq.com/symbol/iec","AMEX"
"IG","IGI Laboratories, Inc.","8.33","$440.05M","nan","Health Care","Biotechnology: Biological Products (No Diagnostic Substances)","http://www.nasdaq.com/symbol/ig","AMEX"
"IMUC","ImmunoCellular Therapeutics, Ltd.","0.4701","$42.43M","nan","Health Care","Major Pharmaceuticals","http://www.nasdaq.com/symbol/imuc","AMEX"
"IMH","Impac Mortgage Holdings, Inc.","13.48","$129.49M","1997","Consumer Services","Real Estate Investment Trusts","http://www.nasdaq.com/symbol/imh","AMEX"
"IMO","Imperial Oil Limited","40.84","$34.62B","nan","Energy","Integrated oil Companies","http://www.nasdaq.com/symbol/imo","AMEX"
"IOT","Income Opportunity Realty Investors, Inc.","6.65","$27.72M","nan","Consumer Services","Real Estate Investment Trusts","http://www.nasdaq.com/symbol/iot","AMEX"
"IRT","Independence Realty Trust, Inc.","9.44","$301.08M","2013","Consumer Services","Real Estate Investment Trusts","http://www.nasdaq.com/symbol/irt","AMEX"
"IGC","India Globalization Capital Inc.","0.42","$6.32M","nan","Basic Industries","Precious Metals","http://www.nasdaq.com/symbol/igc","AMEX"
"IGC/WS","India Globalization Capital Inc.","0.0055","nan","nan","nan","nan","http://www.nasdaq.com/symbol/igc/ws","AMEX"
"INFU","InfuSystems Holdings, Inc.","2.98","$66.48M","nan","Health Care","Medical/Dental Instruments","http://www.nasdaq.com/symbol/infu","AMEX"
"IHT","InnSuites Hospitality Trust","2.37","$19.62M","nan","Consumer Services","Real Estate Investment Trusts","http://www.nasdaq.com/symbol/iht","AMEX"
"NSPR","InspireMD, Inc.","0.32","$25.01M","nan","Health Care","Medical/Dental Instruments","http://www.nasdaq.com/symbol/nspr","AMEX"
"IFMI","Institutional Financial Markets, Inc.","1.55","$23.84M","nan","Finance","Investment Bankers/Brokers/Service","http://www.nasdaq.com/symbol/ifmi","AMEX"
"IDN","Intellicheck Mobilisa, Inc.","1.62","$15.92M","1999","Technology","Computer Software: Prepackaged Software","http://www.nasdaq.com/symbol/idn","AMEX"
"INS","Intelligent Systems Corporation","2.98","$26.69M","1992","Capital Goods","Metal Fabrications","http://www.nasdaq.com/symbol/ins","AMEX"
"THM","International Tower Hill Mines Ltd","0.37","$43.04M","nan","Basic Industries","Precious Metals","http://www.nasdaq.com/symbol/thm","AMEX"
"INTT","inTest Corporation","4.17","$44.05M","1997","Capital Goods","Electrical Products","http://www.nasdaq.com/symbol/intt","AMEX"
"INUV","Inuvo, Inc","1.91","$46.21M","nan","Consumer Services","Advertising","http://www.nasdaq.com/symbol/inuv","AMEX"
"VKI","Invesco Advantage Municipal Income Trust II","11.71","$519.7M","nan","nan","nan","http://www.nasdaq.com/symbol/vki","AMEX"
"ISR","IsoRay, Inc.","1.52","$83.42M","nan","Health Care","Medical/Dental Instruments","http://www.nasdaq.com/symbol/isr","AMEX"
"ISDR","Issuer Direct Corporation","7.93","$18.37M","nan","Miscellaneous","Publishing","http://www.nasdaq.com/symbol/isdr","AMEX"
"ITI","Iteris, Inc.","1.84","$59.9M","nan","Consumer Durables","Telecommunications Equipment","http://www.nasdaq.com/symbol/iti","AMEX"
"KIQ","Kelso Technologies Inc","4.4001","$199.09M","nan","Capital Goods","Railroads","http://www.nasdaq.com/symbol/kiq","AMEX"
"LTS","Ladenburg Thalmann Financial Services Inc","3.97","$735.78M","nan","Finance","Investment Bankers/Brokers/Service","http://www.nasdaq.com/symbol/lts","AMEX"
"LTS^A","Ladenburg Thalmann Financial Services Inc","24.018","nan","nan","nan","nan","http://www.nasdaq.com/symbol/lts^a","AMEX"
"LSG","Lake Shore Gold Corp","0.82","$357.18M","nan","Basic Industries","Precious Metals","http://www.nasdaq.com/symbol/lsg","AMEX"
"LAQ","Latin America Equity Fund, Inc. (The)","21.1","$157.16M","1991","nan","nan","http://www.nasdaq.com/symbol/laq","AMEX"
"LGL","LGL Group, Inc. (The)","3.86","$10.02M","nan","Capital Goods","Industrial Machinery/Components","http://www.nasdaq.com/symbol/lgl","AMEX"
"LGL/WS","LGL Group, Inc. (The)","0.0189","nan","nan","nan","nan","http://www.nasdaq.com/symbol/lgl/ws","AMEX"
"LBY","Libbey, Inc.","39.4","$858.58M","1993","Capital Goods","Industrial Machinery/Components","http://www.nasdaq.com/symbol/lby","AMEX"
"LBMH","Liberator Medical Holdings, Inc.","3.53","$187.68M","nan","Health Care","Medical/Nursing Services","http://www.nasdaq.com/symbol/lbmh","AMEX"
"LIQT","LiqTech International, Inc.","0.77","$30.34M","nan","Technology","Industrial Machinery/Components","http://www.nasdaq.com/symbol/liqt","AMEX"
"LEI","Lucas Energy, Inc.","0.1911","$6.69M","nan","Energy","Oil & Gas Production","http://www.nasdaq.com/symbol/lei","AMEX"
"MCZ","Mad Catz Interactive Inc","0.3806","$27.96M","nan","Consumer Non-Durables","Recreational Products/Toys","http://www.nasdaq.com/symbol/mcz","AMEX"
"MVG","Mag Silver Corporation","6.23","$430.63M","nan","Basic Industries","Precious Metals","http://www.nasdaq.com/symbol/mvg","AMEX"
"MHR^C","Magnum Hunter Resources Corporation","21.51","nan","nan","nan","nan","http://www.nasdaq.com/symbol/mhr^c","AMEX"
"MHR^D","Magnum Hunter Resources Corporation","35.18","nan","nan","nan","nan","http://www.nasdaq.com/symbol/mhr^d","AMEX"
"MHR^E","Magnum Hunter Resources Corporation","18.75","nan","nan","nan","nan","http://www.nasdaq.com/symbol/mhr^e","AMEX"
"MSTX","Mast Therapeutics, Inc.","0.485","$77.34M","nan","Health Care","Major Pharmaceuticals","http://www.nasdaq.com/symbol/mstx","AMEX"
"MHH","Mastech Holdings, Inc","8.62","$37.33M","nan","Consumer Services","Professional Services","http://www.nasdaq.com/symbol/mhh","AMEX"
"MDGN","Medgenics, Inc.","8.02","$199.24M","2011","Health Care","Biotechnology: Biological Products (No Diagnostic Substances)","http://www.nasdaq.com/symbol/mdgn","AMEX"
"MDGN/WS","Medgenics, Inc.","2.45","nan","nan","nan","nan","http://www.nasdaq.com/symbol/mdgn/ws","AMEX"
"IPB","Merrill Lynch & Co., Inc.","27.13","nan","nan","Finance","Finance: Consumer Services","http://www.nasdaq.com/symbol/ipb","AMEX"
"MEA","Metalico Inc","0.44","$25.66M","nan","Basic Industries","Metal Fabrications","http://www.nasdaq.com/symbol/mea","AMEX"
"MXC","Mexco Energy Corporation","5.56","$11.33M","nan","Energy","Oil & Gas Production","http://www.nasdaq.com/symbol/mxc","AMEX"
"CCA","MFS California Insured Municipal Trust","11.5301","$32.13M","1999","nan","nan","http://www.nasdaq.com/symbol/cca","AMEX"
"MGT","MGT Capital Investments Inc","0.4636","$4.89M","nan","Miscellaneous","Multi-Sector Companies","http://www.nasdaq.com/symbol/mgt","AMEX"
"MDW","Midway Gold Corporation","0.4117","$72.68M","nan","Basic Industries","Precious Metals","http://www.nasdaq.com/symbol/mdw","AMEX"
"MGH","Minco Gold Corporation","0.22","$11.13M","nan","Basic Industries","Precious Metals","http://www.nasdaq.com/symbol/mgh","AMEX"
"MGN","Mines Management, Inc.","0.47","$14.01M","nan","Basic Industries","Precious Metals","http://www.nasdaq.com/symbol/mgn","AMEX"
"MVF","MuniVest Fund, Inc.","10.21","$653.26M","nan","nan","nan","http://www.nasdaq.com/symbol/mvf","AMEX"
"MZA","MuniYield Arizona Fund, Inc.","16.45","$75.46M","1993","nan","nan","http://www.nasdaq.com/symbol/mza","AMEX"
"NNVC","NanoViricides, Inc.","2.25","$127.27M","nan","Health Care","Biotechnology: Commercial Physical & Biological Resarch","http://www.nasdaq.com/symbol/nnvc","AMEX"
"NHC","National HealthCare Corporation","63.67","$898.44M","nan","Health Care","Hospital/Nursing Management","http://www.nasdaq.com/symbol/nhc","AMEX"
"NHC^A","National HealthCare Corporation","16.02","nan","nan","nan","nan","http://www.nasdaq.com/symbol/nhc^a","AMEX"
"NAVB","Navidea Biopharmaceuticals, Inc.","1.59","$239.04M","nan","Health Care","Biotechnology: In Vitro & In Vivo Diagnostic Substances","http://www.nasdaq.com/symbol/navb","AMEX"
"NTIP","Network-1 Technologies, Inc.","2.25","$54.5M","nan","Technology","Computer Software: Prepackaged Software","http://www.nasdaq.com/symbol/ntip","AMEX"
"NBW","Neuberger Berman California Intermediate Municipal Fund Inc.","15.83","$87.67M","2002","nan","nan","http://www.nasdaq.com/symbol/nbw","AMEX"
"NHS","Neuberger Berman High Yield Strategies Fund","12.46","$243.48M","nan","nan","nan","http://www.nasdaq.com/symbol/nhs","AMEX"
"NBH","Neuberger Berman Intermediate Municipal Fund Inc.","15.37","$288.43M","2002","nan","nan","http://www.nasdaq.com/symbol/nbh","AMEX"
"NML","Neuberger Berman MLP Income Fund Inc.","17.63","$996.51M","2013","nan","nan","http://www.nasdaq.com/symbol/nml","AMEX"
"NBO","Neuberger Berman New York Intermediate Municipal Fund Inc.","13.88","$70.45M","2002","nan","nan","http://www.nasdaq.com/symbol/nbo","AMEX"
"NRO","Neuberger Berman Real Estate Securities Income Fund, Inc.","5.43","$302.93M","2003","nan","nan","http://www.nasdaq.com/symbol/nro","AMEX"
"CUR","Neuralstem, Inc.","1.95","$174.92M","nan","Health Care","Biotechnology: Biological Products (No Diagnostic Substances)","http://www.nasdaq.com/symbol/cur","AMEX"
"UWN","Nevada Gold & Casinos, Inc.","1.55","$25.21M","nan","Consumer Services","Services-Misc. Amusement & Recreation","http://www.nasdaq.com/symbol/uwn","AMEX"
"NSU","Nevsun Resources Ltd","3.44","$686.82M","nan","Basic Industries","Precious Metals","http://www.nasdaq.com/symbol/nsu","AMEX"
"GBR","New Concept Energy, Inc","1.7284","$3.37M","nan","Energy","Oil & Gas Production","http://www.nasdaq.com/symbol/gbr","AMEX"
"NEN","New England Realty Associates Limited Partnership","50.2","$191.26M","nan","Consumer Services","Building operators","http://www.nasdaq.com/symbol/nen","AMEX"
"NGD","NEW GOLD INC.","3.65","$1.86B","nan","Basic Industries","Precious Metals","http://www.nasdaq.com/symbol/ngd","AMEX"
"NSAT","Norsat International Inc.","5.45","$31.78M","nan","Capital Goods","Industrial Machinery/Components","http://www.nasdaq.com/symbol/nsat","AMEX"
"PAL","North American Palladium, Ltd.","0.2037","$80.04M","2000","Basic Industries","Precious Metals","http://www.nasdaq.com/symbol/pal","AMEX"
"NAK","Northern Dynasty Minerals, Ltd.","0.3821","$36.3M","nan","Basic Industries","Precious Metals","http://www.nasdaq.com/symbol/nak","AMEX"
"NOG","Northern Oil and Gas, Inc.","8.28","$505.62M","nan","Energy","Oil & Gas Production","http://www.nasdaq.com/symbol/nog","AMEX"
"NBY","NovaBay Pharmaceuticals, Inc.","0.865","$53.74M","2007","Health Care","Major Pharmaceuticals","http://www.nasdaq.com/symbol/nby","AMEX"
"NCQ","NovaCopper Inc.","0.631","$38.26M","nan","Basic Industries","Precious Metals","http://www.nasdaq.com/symbol/ncq","AMEX"
"NG","Novagold Resources Inc.","3.13","$994.91M","nan","Basic Industries","Precious Metals","http://www.nasdaq.com/symbol/ng","AMEX"
"NTN","NTN Buzztime, Inc.","0.41","$37.88M","nan","Consumer Services","Broadcasting","http://www.nasdaq.com/symbol/ntn","AMEX"
"NVX","Nuveen California Dividend Advantage Municipal Fund 2","14.43","$212.98M","2001","nan","nan","http://www.nasdaq.com/symbol/nvx","AMEX"
"NZH","Nuveen California Dividend Advantage Municipal Fund 3","13.74","$331.85M","nan","nan","nan","http://www.nasdaq.com/symbol/nzh","AMEX"
"NCB","Nuveen California Municipal Value Fund 2","16.78","$55.17M","nan","nan","nan","http://www.nasdaq.com/symbol/ncb","AMEX"
"CFD","Nuveen Diversified Commodity Fund","11.88","$107.48M","2010","nan","nan","http://www.nasdaq.com/symbol/cfd","AMEX"
"NXZ","Nuveen Dividend Advantage Municipal Fund 2","14.09","$415.35M","2001","nan","nan","http://www.nasdaq.com/symbol/nxz","AMEX"
"NZF","Nuveen Dividend Advantage Municipal Fund 3","14.11","$512.62M","2007","nan","nan","http://www.nasdaq.com/symbol/nzf","AMEX"
"NVG","Nuveen Dividend Advantage Municipal Income Fund","14.47","$385.83M","2002","nan","nan","http://www.nasdaq.com/symbol/nvg","AMEX"
"CTF","Nuveen Long/Short Commodity Total Return Fund","16.41","$268.24M","nan","nan","nan","http://www.nasdaq.com/symbol/ctf","AMEX"
"NOM","Nuveen Missouri Premium Income Municipal Fund","15.69","$36.59M","1993","nan","nan","http://www.nasdaq.com/symbol/nom","AMEX"
"NMZ","Nuveen Municipal High Income Opportunity Fund","13.84","$693M","2003","nan","nan","http://www.nasdaq.com/symbol/nmz","AMEX"
"NJV","Nuveen New Jersey Municipal Value Fund","14.7","$22.79M","nan","nan","nan","http://www.nasdaq.com/symbol/njv","AMEX"
"NXK","Nuveen New York Dividend Advantage Municipal Fund 2","13.48","$87.39M","2001","nan","nan","http://www.nasdaq.com/symbol/nxk","AMEX"
"NYV","Nuveen New York Municipal Value Fund 2","15.04","$35.34M","2009","nan","nan","http://www.nasdaq.com/symbol/nyv","AMEX"
"NPN","Nuveen Pennsylvania Municipal Value Fund","15.33","$18.69M","2009","nan","nan","http://www.nasdaq.com/symbol/npn","AMEX"
"JRS","Nuveen Real Estate Fund","11.68","$337.46M","2001","nan","nan","http://www.nasdaq.com/symbol/jrs","AMEX"
"OGEN","Oragenics, Inc.","0.85","$30.75M","nan","Health Care","Major Pharmaceuticals","http://www.nasdaq.com/symbol/ogen","AMEX"
"TIS","Orchids Paper Products Company","25.98","$227.5M","2005","Basic Industries","Paper","http://www.nasdaq.com/symbol/tis","AMEX"
"ONVO","Organovo Holdings, Inc.","3.72","$303.13M","nan","Health Care","Biotechnology: Biological Products (No Diagnostic Substances)","http://www.nasdaq.com/symbol/onvo","AMEX"
"ONP","Orient Paper, Inc.","1.75","$35.55M","nan","Consumer Durables","Containers/Packaging","http://www.nasdaq.com/symbol/onp","AMEX"
"OESX","Orion Energy Systems, Inc.","3.23","$88.56M","2007","Consumer Durables","Building Products","http://www.nasdaq.com/symbol/oesx","AMEX"
"OSGB","Overseas Shipholding Group, Inc.","4","$122.19M","nan","Transportation","Marine Transportation","http://www.nasdaq.com/symbol/osgb","AMEX"
"ORM","Owens Realty Mortgage, Inc.","14.78","$159.15M","2013","Consumer Services","Real Estate Investment Trusts","http://www.nasdaq.com/symbol/orm","AMEX"
"PHF","Pacholder High Yield Fund, Inc.","7.45","$96.82M","nan","nan","nan","http://www.nasdaq.com/symbol/phf","AMEX"
"PBM","Pacific Booker Minerals Inc","4.5","$55.64M","nan","Basic Industries","Precious Metals","http://www.nasdaq.com/symbol/pbm","AMEX"
"PCG^A","Pacific Gas & Electric Co.","29","nan","nan","nan","nan","http://www.nasdaq.com/symbol/pcg^a","AMEX"
"PCG^B","Pacific Gas & Electric Co.","27.96","nan","nan","nan","nan","http://www.nasdaq.com/symbol/pcg^b","AMEX"
"PCG^C","Pacific Gas & Electric Co.","26.69","nan","nan","nan","nan","http://www.nasdaq.com/symbol/pcg^c","AMEX"
"PCG^D","Pacific Gas & Electric Co.","25.137","nan","nan","nan","nan","http://www.nasdaq.com/symbol/pcg^d","AMEX"
"PCG^E","Pacific Gas & Electric Co.","25.158","nan","nan","nan","nan","http://www.nasdaq.com/symbol/pcg^e","AMEX"
"PCG^G","Pacific Gas & Electric Co.","24.5","nan","nan","nan","nan","http://www.nasdaq.com/symbol/pcg^g","AMEX"
"PCG^H","Pacific Gas & Electric Co.","22.8105","nan","nan","nan","nan","http://www.nasdaq.com/symbol/pcg^h","AMEX"
"PCG^I","Pacific Gas & Electric Co.","24.18","nan","nan","nan","nan","http://www.nasdaq.com/symbol/pcg^i","AMEX"
"PTN","Palatin Technologies, Inc.","0.97","$40.29M","nan","Health Care","Major Pharmaceuticals","http://www.nasdaq.com/symbol/ptn","AMEX"
"PARR","Par Petroleum Corporation","24.27","$900.27M","nan","Energy","Oil & Gas Production","http://www.nasdaq.com/symbol/parr","AMEX"
"PZG","Paramount Gold and Silver Corp.","1","$162.03M","nan","Basic Industries","Precious Metals","http://www.nasdaq.com/symbol/pzg","AMEX"
"PRK","Park National Corporation","86.18","$1.32B","nan","Finance","Major Banks","http://www.nasdaq.com/symbol/prk","AMEX"
"PED","Pedevco Corp.","0.5","$18.91M","nan","Energy","Oil & Gas Production","http://www.nasdaq.com/symbol/ped","AMEX"
"PFNX","Pfenex Inc.","17.35","$356.07M","2014","Health Care","Major Pharmaceuticals","http://www.nasdaq.com/symbol/pfnx","AMEX"
"PIP","PharmAthene, Inc","1.67","$106.27M","nan","Health Care","Major Pharmaceuticals","http://www.nasdaq.com/symbol/pip","AMEX"
"HNW","Pioneer Diversified High Income Trust","17.4788","$145.65M","2007","nan","nan","http://www.nasdaq.com/symbol/hnw","AMEX"
"PLG","Platinum Group Metals Ltd.","0.5655","$434.84M","nan","Basic Industries","Precious Metals","http://www.nasdaq.com/symbol/plg","AMEX"
"PLM","Polymet Mining Corp.","1.29","$356.64M","nan","Basic Industries","Precious Metals","http://www.nasdaq.com/symbol/plm","AMEX"
"PW","Power REIT","8.9588","$15.51M","nan","Consumer Services","Real Estate Investment Trusts","http://www.nasdaq.com/symbol/pw","AMEX"
"PW^A","Power REIT","25.38","nan","nan","nan","nan","http://www.nasdaq.com/symbol/pw^a","AMEX"
"APTS","Preferred Apartment Communities, Inc.","10.68","$234.58M","2011","Consumer Services","Real Estate Investment Trusts","http://www.nasdaq.com/symbol/apts","AMEX"
"PLX","Protalix BioTherapeutics, Inc.","1.8","$168.49M","nan","Health Care","Biotechnology: Biological Products (No Diagnostic Substances)","http://www.nasdaq.com/symbol/plx","AMEX"
"PVCT","Provectus Biopharmaceuticals, Inc.","0.8099","$149.97M","nan","Health Care","Major Pharmaceuticals","http://www.nasdaq.com/symbol/pvct","AMEX"
"RLGT","Radiant Logistics, Inc.","5.63","$195.43M","nan","Transportation","Oil Refining/Marketing","http://www.nasdaq.com/symbol/rlgt","AMEX"
"RLGT^A","Radiant Logistics, Inc.","27.94","nan","nan","nan","nan","http://www.nasdaq.com/symbol/rlgt^a","AMEX"
"REE","Rare Element Resources Ltd.","0.599","$28.58M","nan","Basic Industries","Precious Metals","http://www.nasdaq.com/symbol/ree","AMEX"
"UTG","Reaves Utility Income Fund","30.26","$877.97M","2004","nan","nan","http://www.nasdaq.com/symbol/utg","AMEX"
"REED","Reeds, Inc.","5.42","$70.83M","nan","Consumer Non-Durables","Beverages (Production/Distribution)","http://www.nasdaq.com/symbol/reed","AMEX"
"RWC","RELM Wireless Corporation","6.16","$84.18M","nan","Technology","Radio And Television Broadcasting And Communications Equipment","http://www.nasdaq.com/symbol/rwc","AMEX"
"RCG","RENN Fund, Inc.","1.12","$5M","nan","nan","nan","http://www.nasdaq.com/symbol/rcg","AMEX"
"RVP","Retractable Technologies, Inc.","3.9","$108.01M","nan","Health Care","Medical/Dental Instruments","http://www.nasdaq.com/symbol/rvp","AMEX"
"RVM","Revett Mining Company, Inc.","0.49","$19.24M","nan","Basic Industries","Precious Metals","http://www.nasdaq.com/symbol/rvm","AMEX"
"RNN","Rexahn Pharmaceuticals, Inc.","0.722","$129.39M","nan","Health Care","Major Pharmaceuticals","http://www.nasdaq.com/symbol/rnn","AMEX"
"RIC","Richmont Mines, Inc.","3.25","$188.31M","nan","Basic Industries","Precious Metals","http://www.nasdaq.com/symbol/ric","AMEX"
"REI","Ring Energy, Inc.","10.81","$278.33M","nan","Energy","Oil & Gas Production","http://www.nasdaq.com/symbol/rei","AMEX"
"RIF","RMR Real Estate Income Fund.","21.33","$163.21M","nan","nan","nan","http://www.nasdaq.com/symbol/rif","AMEX"
"RBY","Rubicon Minerals Corp","0.9313","$345.18M","nan","Basic Industries","Precious Metals","http://www.nasdaq.com/symbol/rby","AMEX"
"SGA","Saga Communications, Inc.","41.26","$239.26M","nan","Consumer Services","Broadcasting","http://www.nasdaq.com/symbol/sga","AMEX"
"SSN","Samson Oil & Gas Limited","1.66","$23.55M","nan","Energy","Oil & Gas Production","http://www.nasdaq.com/symbol/ssn","AMEX"
"SPP","Sanchez Production Partners LP","2.05","$59.02M","nan","Energy","Oil & Gas Production","http://www.nasdaq.com/symbol/spp","AMEX"
"SAND          ","Sandstorm Gold Ltd","3.49","$410M","nan","Basic Industries","Precious Metals","http://www.nasdaq.com/symbol/sand          ","AMEX"
"SARA","Saratoga Resources Inc","0.21","$6.51M","nan","Energy","Oil & Gas Production","http://www.nasdaq.com/symbol/sara","AMEX"
"SEB","Seaboard Corporation","4171.95","$4.88B","1996","nan","nan","http://www.nasdaq.com/symbol/seb","AMEX"
"SVT","Servotronics, Inc.","7.05","$17.19M","nan","Capital Goods","Industrial Machinery/Components","http://www.nasdaq.com/symbol/svt","AMEX"
"SIF","SIFCO Industries, Inc.","21.23","$115.3M","nan","Capital Goods","Aerospace","http://www.nasdaq.com/symbol/sif","AMEX"
"SVBL","Silver Bull Resources, Inc.","0.115","$18.29M","nan","Basic Industries","Precious Metals","http://www.nasdaq.com/symbol/svbl","AMEX"
"SVLC","SilverCrest Mines, Inc.","1.11","$131.82M","nan","Basic Industries","Precious Metals","http://www.nasdaq.com/symbol/svlc","AMEX"
"SKY","Skyline Corporation","3.62","$30.38M","nan","Basic Industries","Homebuilding","http://www.nasdaq.com/symbol/sky","AMEX"
"SLI","SL Industries, Inc.","43.41","$177.37M","nan","Capital Goods","Industrial Machinery/Components","http://www.nasdaq.com/symbol/sli","AMEX"
"XPL","Solitario Exploration & Royalty Corp","0.755","$29.63M","nan","Basic Industries","Precious Metals","http://www.nasdaq.com/symbol/xpl","AMEX"
"SCE^B","Southern California Edison Company","23.38","nan","nan","nan","nan","http://www.nasdaq.com/symbol/sce^b","AMEX"
"SCE^C","Southern California Edison Company","22.69","nan","nan","nan","nan","http://www.nasdaq.com/symbol/sce^c","AMEX"
"SCE^D","Southern California Edison Company","23.38","nan","nan","nan","nan","http://www.nasdaq.com/symbol/sce^d","AMEX"
"SCE^E","Southern California Edison Company","24.9899","nan","nan","nan","nan","http://www.nasdaq.com/symbol/sce^e","AMEX"
"SGB","Southwest Georgia Financial Corporation","13.61","$34.68M","nan","Finance","Major Banks","http://www.nasdaq.com/symbol/sgb","AMEX"
"LOV","Spark Networks, Inc.","4.06","$100.4M","nan","Miscellaneous","Business Services","http://www.nasdaq.com/symbol/lov","AMEX"
"STRP","Straight Path Communications Inc.","19.94","$238.87M","2013","Public Utilities","Telecommunications Equipment","http://www.nasdaq.com/symbol/strp","AMEX"
"SSY","SunLink Health Systems, Inc.","1.7","$16.05M","nan","Health Care","Hospital/Nursing Management","http://www.nasdaq.com/symbol/ssy","AMEX"
"SDPI","Superior Drilling Products, Inc.","3.35","$57.93M","2014","Energy","Metal Fabrications","http://www.nasdaq.com/symbol/sdpi","AMEX"
"STS","Supreme Industries, Inc.","7.74","$128.38M","nan","Capital Goods","Constructionang Equipment/Trucks","http://www.nasdaq.com/symbol/sts","AMEX"
"SYRG","Synergy Resources Corporation","12.18","$1.27B","nan","Energy","Oil & Gas Production","http://www.nasdaq.com/symbol/syrg","AMEX"
"SYN","Synthetic Biologics, Inc","2.13","$154.91M","nan","Health Care","Major Pharmaceuticals","http://www.nasdaq.com/symbol/syn","AMEX"
"TRX","Tanzanian Royalty Exploration Corporation","0.37","$37.64M","nan","Basic Industries","Precious Metals","http://www.nasdaq.com/symbol/trx","AMEX"
"TGB","Taseko Mines Limited","0.66","$146.39M","nan","Basic Industries","Precious Metals","http://www.nasdaq.com/symbol/tgb","AMEX"
"TAS","Tasman Metals Ltd","0.44","$29.1M","nan","Basic Industries","Precious Metals","http://www.nasdaq.com/symbol/tas","AMEX"
"TRC/WS","Tejon Ranch Co","0.8","nan","nan","nan","nan","http://www.nasdaq.com/symbol/trc/ws","AMEX"
"TIK","Tel-Instrument Electronics Corp.","6","$19.54M","nan","Capital Goods","Electrical Products","http://www.nasdaq.com/symbol/tik","AMEX"
"TGC","Tengasco, Inc.","0.23","$13.99M","nan","Energy","Oil & Gas Production","http://www.nasdaq.com/symbol/tgc","AMEX"
"GLU","The Gabelli Global Utility and Income Trust","18.62","$76.55M","2004","nan","nan","http://www.nasdaq.com/symbol/glu","AMEX"
"GLU^A","The Gabelli Global Utility and Income Trust","50.2201","nan","nan","nan","nan","http://www.nasdaq.com/symbol/glu^a","AMEX"
"TXMD","TherapeuticsMD, Inc.","6.38","$1.1B","nan","Health Care","Major Pharmaceuticals","http://www.nasdaq.com/symbol/txmd","AMEX"
"TPI","Tianyin Pharmaceutical Co., Inc.","0.42","$12.36M","nan","Health Care","Major Pharmaceuticals","http://www.nasdaq.com/symbol/tpi","AMEX"
"IDI","Tiger Media, Inc.","7.1001","$51.7M","nan","Consumer Services","Advertising","http://www.nasdaq.com/symbol/idi","AMEX"
"TLR","Timberline Resources Corporation","0.6703","$6.64M","nan","Basic Industries","Precious Metals","http://www.nasdaq.com/symbol/tlr","AMEX"
"TGD","Timmons Gold Corp","0.71","$127.71M","2011","Basic Industries","Precious Metals","http://www.nasdaq.com/symbol/tgd","AMEX"
"TOF","Tofutti Brands Inc.","4.11","$21.18M","nan","Consumer Non-Durables","Specialty Foods","http://www.nasdaq.com/symbol/tof","AMEX"
"TMP","Tompkins Financial Corporation","54.28","$803.96M","nan","Finance","Major Banks","http://www.nasdaq.com/symbol/tmp","AMEX"
"TAT","Transatlantic Petroleum Ltd","5.73","$233.65M","nan","Energy","Oil & Gas Production","http://www.nasdaq.com/symbol/tat","AMEX"
"TRXC","TransEnterix, Inc.","3.01","$190.77M","nan","Health Care","Medical/Dental Instruments","http://www.nasdaq.com/symbol/trxc","AMEX"
"TPLM","Triangle Petroleum Corporation","5.34","$409.1M","nan","Energy","Oil & Gas Production","http://www.nasdaq.com/symbol/tplm","AMEX"
"TRT","Trio-Tech International","2.71","$9.52M","nan","Technology","Industrial Machinery/Components","http://www.nasdaq.com/symbol/trt","AMEX"
"HTM","U.S. Geothermal Inc.","0.48","$51.39M","nan","Public Utilities","Electric Utilities: Central","http://www.nasdaq.com/symbol/htm","AMEX"
"UAMY","United States Antimony Corporation","0.699","$46.15M","nan","Capital Goods","Metal Fabrications","http://www.nasdaq.com/symbol/uamy","AMEX"
"UUU","Universal Security Instruments, Inc.","5.74","$13.28M","nan","Consumer Non-Durables","Electronic Components","http://www.nasdaq.com/symbol/uuu","AMEX"
"UQM","UQM TECHNOLOGIES INC","1.11","$44.9M","nan","Capital Goods","Industrial Machinery/Components","http://www.nasdaq.com/symbol/uqm","AMEX"
"URG","Ur Energy Inc","0.95","$123.25M","nan","Basic Industries","Precious Metals","http://www.nasdaq.com/symbol/urg","AMEX"
"URZ","Uranerz Energy Corporation","1.05","$100.71M","nan","Basic Industries","Precious Metals","http://www.nasdaq.com/symbol/urz","AMEX"
"UEC","Uranium Energy Corp.","1.51","$138.91M","nan","Basic Industries","Precious Metals","http://www.nasdaq.com/symbol/uec","AMEX"
"VTG","Vantage Drilling Company","0.2999","$93.11M","nan","Energy","Oil & Gas Production","http://www.nasdaq.com/symbol/vtg","AMEX"
"VSR","Versar, Inc.","3.21","$31.48M","1986","Consumer Services","Military/Government/Technical","http://www.nasdaq.com/symbol/vsr","AMEX"
"VII","Vicon Industries, Inc.","1.62","$14.82M","nan","Consumer Durables","Telecommunications Equipment","http://www.nasdaq.com/symbol/vii","AMEX"
"VHC","VirnetX Holding Corp","6.52","$339.02M","nan","Miscellaneous","Multi-Sector Companies","http://www.nasdaq.com/symbol/vhc","AMEX"
"VGZ","Vista Gold Corporation","0.3201","$26.37M","nan","Basic Industries","Precious Metals","http://www.nasdaq.com/symbol/vgz","AMEX"
"VNRX","VolitionRX Limited","4.1004","$73.54M","2015","Health Care","Biotechnology: In Vitro & In Vivo Diagnostic Substances","http://www.nasdaq.com/symbol/vnrx","AMEX"
"VISI","Volt Information Sciences, Inc.","12.7","$266.42M","nan","Technology","Professional Services","http://www.nasdaq.com/symbol/visi","AMEX"
"EAD","Wells Fargo Advantage Income Opportunities Fund","8.89","$631.04M","2003","nan","nan","http://www.nasdaq.com/symbol/ead","AMEX"
"ERC","Wells Fargo Advantage Multi-Sector Income Fund","13.45","$565.64M","2003","nan","nan","http://www.nasdaq.com/symbol/erc","AMEX"
"ERH","Wells Fargo Advantage Utilities and High Income Fund","13.18","$121.67M","2004","nan","nan","http://www.nasdaq.com/symbol/erh","AMEX"
"SBI","Western Asset Intermediate Muni Fund Inc","10.1101","$142.32M","1992","nan","nan","http://www.nasdaq.com/symbol/sbi","AMEX"
"WRN","Western Copper and Gold Corporation","0.4511","$42.49M","2011","Basic Industries","Precious Metals","http://www.nasdaq.com/symbol/wrn","AMEX"
"WYY","WidePoint Corporation","1.305","$106.65M","nan","Technology","EDP Services","http://www.nasdaq.com/symbol/wyy","AMEX"
"WTT","Wireless Telecom Group,  Inc.","2.54","$49.38M","nan","Capital Goods","Electrical Products","http://www.nasdaq.com/symbol/wtt","AMEX"
"YUMA","Yuma Energy, Inc.","1.06","$73.27M","nan","Energy","Oil & Gas Production","http://www.nasdaq.com/symbol/yuma","AMEX"
"YUMA^A","Yuma Energy, Inc.","19.4","nan","nan","nan","nan","http://www.nasdaq.com/symbol/yuma^a","AMEX"
"ZBB","ZBB Energy Corporation","0.76","$29.7M","2007","Public Utilities","Electric Utilities: Central","http://www.nasdaq.com/symbol/zbb","AMEX"
